# Time, Reward, Motor1Pos, Motor1Vel, Motor2Pos, Motor2Vel
0.000000000000000000e+00,2.600000000000000089e-01,0.000000000000000000e+00,0.000000000000000000e+00,0.000000000000000000e+00,0.000000000000000000e+00
1.000000000000000000e+00,2.600000000000000089e-01,2.399825242634750014e-02,5.759580582323399867e+00,-2.399827721492202651e-02,-5.759586531581286195e+00
2.000000000000000000e+00,2.577318691940545525e-01,4.799650537018891605e-02,5.759580706521939319e+00,-4.799655442984405995e-02,-5.759586531581287083e+00
3.000000000000000000e+00,2.551111955742214610e-01,7.199478258511093909e-02,5.759586531581287083e+00,-7.199481577267666244e-02,-5.759582722279824374e+00
4.000000000000000000e+00,2.521479425622882298e-01,9.599305980003297600e-02,5.759586531581287083e+00,-9.599309298759869935e-02,-5.759586531581287083e+00
5.000000000000000000e+00,2.489526760966069840e-01,1.199913370149550129e-01,5.759586531581287083e+00,-1.199913702025207363e-01,-5.759586531581287083e+00
6.000000000000000000e+00,2.454972795173412381e-01,1.439896142298770498e-01,5.759586531581287083e+00,-1.439896366159384711e-01,-5.759583939220259019e+00
7.000000000000000000e+00,2.417717465909693664e-01,1.679878914447990867e-01,5.759586531581287083e+00,-1.679879036856948282e-01,-5.759584096741525272e+00
8.000000000000000000e+00,2.377722416294865693e-01,1.919861686597211237e-01,5.759586531581287083e+00,-1.919861715683438830e-01,-5.759584291835775360e+00
9.000000000000000000e+00,2.334967672812293116e-01,2.159844458746431606e-01,5.759586531581287083e+00,-2.159844399841064633e-01,-5.759584419783018383e+00
1.000000000000000000e+01,2.289438995748294403e-01,2.399827230895651975e-01,5.759586531581287083e+00,-2.399827087622655730e-01,-5.759584506758183231e+00
1.100000000000000000e+01,2.241124735254774181e-01,2.639810003044872344e-01,5.759586531581287083e+00,-2.639809778318514821e-01,-5.759584576700613745e+00
1.200000000000000000e+01,2.190015277768515012e-01,2.879792775194092713e-01,5.759586531581287083e+00,-2.879792470969948504e-01,-5.759584623634414591e+00
1.300000000000000000e+01,2.136103240568326678e-01,3.115412273272982202e-01,5.654867953893348620e+00,-3.115411919991060707e-01,-5.654866776506691117e+00
1.400000000000000000e+01,2.079874149610548839e-01,3.327469821543982964e-01,5.089381158504015623e+00,-3.327469584209216680e-01,-5.089383941235746001e+00
1.500000000000000000e+01,2.023929686931776328e-01,3.518321614987883206e-01,4.580443042653612018e+00,-3.518321485029613505e-01,-4.580445619689524683e+00
1.600000000000000000e+01,1.968492706923556379e-01,3.690088229087393756e-01,4.122398738388252326e+00,-3.690088197846480011e-01,-4.122401107604795278e+00
1.700000000000000000e+01,1.913391275105884581e-01,3.844678181776953196e-01,3.710158864549427449e+00,-3.844678153660130993e-01,-3.710158939527619104e+00
1.800000000000000000e+01,1.876812262110336138e-01,3.983809376249792811e-01,3.339148667348151633e+00,-3.983798848172929730e-01,-3.338896668307175908e+00
1.900000000000000000e+01,1.855173644826346169e-01,4.109027214223112123e-01,3.005228111359668830e+00,-4.109017738953935628e-01,-3.005253378744140225e+00
2.000000000000000000e+01,1.836228095517401515e-01,4.221723268398486772e-01,2.704705300208991137e+00,-4.221714740688004563e-01,-2.704728041617654455e+00
2.100000000000000000e+01,1.820788903247279877e-01,4.323149795170481147e-01,2.434236642527864092e+00,-4.323143367714057383e-01,-2.434287048625263683e+00
2.200000000000000000e+01,1.805866589632591224e-01,4.414433641139242637e-01,2.190812303250272208e+00,-4.414428660930707626e-01,-2.190847037199604497e+00
2.300000000000000000e+01,1.791580781235145858e-01,4.496588978896894906e-01,1.971728106183648688e+00,-4.496583277791846855e-01,-1.971710804667338168e+00
2.400000000000000000e+01,1.778497417525205515e-01,4.570528753948931433e-01,1.774554601248875318e+00,-4.570521878693572515e-01,-1.774526421641417162e+00
2.500000000000000000e+01,1.766645504877661366e-01,4.637074545212700460e-01,1.597098990330455992e+00,-4.637066457081622239e-01,-1.597069881313191386e+00
2.600000000000000000e+01,1.755943737964327789e-01,4.696965756659978730e-01,1.437389074734676031e+00,-4.696956517422795074e-01,-1.437361448188142043e+00
2.700000000000000000e+01,1.746290725585740999e-01,4.750867847637366137e-01,1.293650183457298875e+00,-4.750857539965818166e-01,-1.293624541032554198e+00
2.800000000000000000e+01,1.737587556018291290e-01,4.799379730435280322e-01,1.164285187149934675e+00,-4.799368436634122159e-01,-1.164261520039292508e+00
2.900000000000000000e+01,1.729742782656330802e-01,4.843040423781284631e-01,1.047856640304107190e+00,-4.843028181645947505e-01,-1.047833880283802754e+00
3.000000000000000000e+01,1.722673058487518283e-01,4.882335043804577057e-01,9.430708805590188870e-01,-4.882321834834069674e-01,-9.430476765149282681e-01
3.100000000000000000e+01,1.716302789406505269e-01,4.917700194878157904e-01,8.487636257659435524e-01,-4.917685944505199025e-01,-8.487386321071006545e-01
3.200000000000000000e+01,1.710563536006354801e-01,4.949528820616105884e-01,7.638870177107482951e-01,-4.949513395068390609e-01,-7.638588135166036741e-01
3.300000000000000000e+01,1.705393390316456703e-01,4.978174569253822623e-01,6.874979673052010742e-01,-4.978157758706959757e-01,-6.874647273256535573e-01
3.400000000000000000e+01,1.700736384239186494e-01,5.003955722613249169e-01,6.187476806262326434e-01,-5.003937213727323030e-01,-6.187069204887284402e-01
3.500000000000000000e+01,1.696541946765929565e-01,5.027158731895128296e-01,5.568722227650962919e-01,-5.027138064624862013e-01,-5.568204215409300328e-01
3.600000000000000000e+01,1.692764401705163513e-01,5.048041399386313799e-01,5.011840197884622761e-01,-5.048017898484704613e-01,-5.011160126362173006e-01
3.700000000000000000e+01,1.689362504258951625e-01,5.066835741170609975e-01,4.510642028230986145e-01,-5.066808406657599129e-01,-4.509721961494745357e-01
3.800000000000000000e+01,1.686299013620705112e-01,5.083750562266088346e-01,4.059557062914680436e-01,-5.083717894039437857e-01,-4.058276971641384678e-01
3.900000000000000000e+01,1.683540297787211593e-01,5.098973772422101813e-01,3.653570437443180441e-01,-5.098933494682645895e-01,-3.651744154369992446e-01
4.000000000000000000e+01,1.681055967823379405e-01,5.112674468715557863e-01,3.288167110429452977e-01,-5.112623126781804528e-01,-3.285511703798034144e-01
4.100000000000000000e+01,1.678818547093869351e-01,5.125004811319312514e-01,2.959282224901236824e-01,-5.124937281687147461e-01,-2.955397177282265142e-01
4.200000000000000000e+01,1.676803203756102589e-01,5.136101724202414287e-01,2.663259091944303325e-01,-5.136010917186170088e-01,-2.657672519765435504e-01
4.300000000000000000e+01,1.674987629651384091e-01,5.146088455361506053e-01,2.396815478182146575e-01,-5.145965843288651254e-01,-2.389182264595607896e-01
4.400000000000000000e+01,1.673352130877381327e-01,5.155075997991944714e-01,2.157010231305374892e-01,-5.154913277226267354e-01,-2.147384145027736724e-01
4.500000000000000000e+01,1.671879615049555734e-01,5.163164309617438441e-01,1.941194790118410118e-01,-5.162954785115031475e-01,-1.929961893303519249e-01
4.600000000000000000e+01,1.670554750920646703e-01,5.170443346077793212e-01,1.746968750485145550e-01,-5.170181660225077191e-01,-1.734450026410847556e-01
4.700000000000000000e+01,1.669362986860581932e-01,5.176994057571637775e-01,1.572170758522579703e-01,-5.176675849442639032e-01,-1.558605412214838781e-01
4.800000000000000000e+01,1.668290975277645916e-01,5.182889314689799187e-01,1.414861708358803871e-01,-5.182511474278687080e-01,-1.400549960651435166e-01
4.900000000000000000e+01,1.667326901745277146e-01,5.188194694646618421e-01,1.273291189636598097e-01,-5.187755108959801742e-01,-1.258472323467487997e-01
5.000000000000000000e+01,1.666459948253924961e-01,5.192969213898052105e-01,1.145884620344101018e-01,-5.192466607043264570e-01,-1.130759540030963073e-01
5.100000000000000000e+01,1.665680360752723743e-01,5.197265990716063433e-01,1.031226436322844331e-01,-5.196699921597933702e-01,-1.015995493120615267e-01
5.200000000000000000e+01,1.664979422293219324e-01,5.201132821838890807e-01,9.280394694786041343e-02,-5.200503382507237760e-01,-9.128306182330021834e-02
5.300000000000000000e+01,1.664349162763531509e-01,5.204612731209348198e-01,8.351782489098968920e-02,-5.203920644067657753e-01,-8.201427745007135173e-02
5.400000000000000000e+01,1.663782551235206131e-01,5.207744428667014924e-01,7.516073898399266984e-02,-5.206990705753832271e-01,-7.368148046819131269e-02
5.500000000000000000e+01,1.663273099883084416e-01,5.210562763312517331e-01,6.764003149207072074e-02,-5.209748902639035339e-01,-6.619672524487300869e-02
5.600000000000000000e+01,1.662815161317349189e-01,5.213099082417209651e-01,6.087165851262266170e-02,-5.212226607487170371e-01,-5.946491635525299330e-02
5.700000000000000000e+01,1.662403415047240540e-01,5.215381618495525951e-01,5.478086587959841991e-02,-5.214452545626158120e-01,-5.342251533570371858e-02
5.800000000000000000e+01,1.662033404925671309e-01,5.217435745727281304e-01,4.929905356213821338e-02,-5.216451637129044805e-01,-4.797819606927915259e-02
5.900000000000000000e+01,1.661700619450962590e-01,5.219284357282827358e-01,4.436667733309883344e-02,-5.218247850149588807e-01,-4.310911249305817566e-02
6.000000000000000000e+01,1.661401853900718595e-01,5.220947951833481149e-01,3.992626921569637777e-02,-5.219859674109936787e-01,-3.868377504833898223e-02
6.100000000000000000e+01,1.661132695543072746e-01,5.222445173951754116e-01,3.593333083854344245e-02,-5.221309934405802267e-01,-3.480624710076846845e-02
6.200000000000000000e+01,1.660892075482510999e-01,5.223792416363030044e-01,3.233381787063382973e-02,-5.222605531969615189e-01,-3.109434153150065702e-02
6.300000000000000000e+01,1.660673298801845221e-01,5.225005233301556196e-01,2.910760652464075560e-02,-5.223782520893288650e-01,-2.824773416815396301e-02
6.400000000000000000e+01,1.660482267489388208e-01,5.226099641198745926e-01,2.626578953255059162e-02,-5.224928532409202075e-01,-2.750427638192103411e-02
6.500000000000000000e+01,1.660298963253051541e-01,5.227081705640097553e-01,2.356954659244264033e-02,-5.225872718674645645e-01,-2.266047037063666919e-02
6.600000000000000000e+01,1.660142797407102022e-01,5.227968495176320562e-01,2.128294886936551999e-02,-5.226810124848846328e-01,-2.249774818082603267e-02
6.700000000000000000e+01,1.659992724685706023e-01,5.228763084403079686e-01,1.907014144220826185e-02,-5.227542396491142718e-01,-1.757451941512406038e-02
6.800000000000000000e+01,1.659859968230215088e-01,5.229479008774948756e-01,1.718218492486608961e-02,-5.228230368905911751e-01,-1.651133795446998662e-02
6.900000000000000000e+01,1.659754314016008703e-01,5.230126230770568707e-01,1.553332789488614564e-02,-5.228935025652389212e-01,-1.691176191545671822e-02
7.000000000000000000e+01,1.659646852169241182e-01,5.230708615195480693e-01,1.397722619789728768e-02,-5.229566909879111991e-01,-1.516522144135511174e-02
7.100000000000000000e+01,1.659545468236829358e-01,5.231232655828532696e-01,1.257697519326039792e-02,-5.230133499618794257e-01,-1.359815375238289208e-02
7.200000000000000000e+01,1.659452293039098136e-01,5.231700750722564353e-01,1.123427745675730470e-02,-5.230525325083117405e-01,-9.403811143743714615e-03
7.300000000000000000e+01,1.659372105689772836e-01,5.232122654828075259e-01,1.012569853225791031e-02,-5.230907578568988470e-01,-9.174083660909920085e-03
7.400000000000000000e+01,1.659313700063085317e-01,5.232505480658977692e-01,9.187819941655982203e-03,-5.231343716336612770e-01,-1.046730642298044148e-02
7.500000000000000000e+01,1.659252181199323828e-01,5.232849970754241964e-01,8.267762286331246588e-03,-5.231735166105483392e-01,-9.394794452883317368e-03
7.600000000000000000e+01,1.659192062241585108e-01,5.233159963333584574e-01,7.439821904225762950e-03,-5.232086493017978901e-01,-8.431845899899211016e-03
7.700000000000000000e+01,1.659135889091269689e-01,5.233438912330283799e-01,6.694775920792677380e-03,-5.232401794099454939e-01,-7.567225955415345269e-03
7.800000000000000000e+01,1.659084875708402018e-01,5.233689925907655249e-01,6.024325856918580011e-03,-5.232684748589320201e-01,-6.790907756760021508e-03
7.900000000000000000e+01,1.659038903185406366e-01,5.233915801080881725e-01,5.421004157431307674e-03,-5.232938661048321949e-01,-6.093899016052266998e-03
8.000000000000000000e+01,1.658997562089244981e-01,5.234115545996302910e-01,4.793877970114137667e-03,-5.233035458682400165e-01,-2.323143217868249219e-03
8.100000000000000000e+01,1.658962770105488482e-01,5.234296098093143002e-01,4.333250324149914672e-03,-5.233170431791563937e-01,-3.239354619936313066e-03
8.200000000000000000e+01,1.658948693978602451e-01,5.234461677814234992e-01,3.973913306203244108e-03,-5.233382062366537246e-01,-5.079133799357071419e-03
8.300000000000000000e+01,1.658925082411888130e-01,5.234610694382979545e-01,3.576397649874111812e-03,-5.233572411798658175e-01,-4.568386370907192781e-03
8.400000000000000000e+01,1.658899072150297471e-01,5.234744804633723048e-01,3.218646017853263493e-03,-5.233743622716836574e-01,-4.109062036293043355e-03
8.500000000000000000e+01,1.658873557984584524e-01,5.234865499612011419e-01,2.896679478912321786e-03,-5.233897618956492304e-01,-3.695909751739258342e-03
8.600000000000000000e+01,1.658850075170566207e-01,5.234974121208489928e-01,2.606918315482538266e-03,-5.234036130289948519e-01,-3.324272002956168807e-03
8.700000000000000000e+01,1.658828816231780467e-01,5.235071877090187176e-01,2.346141160727883198e-03,-5.234160712592944575e-01,-2.989975271911806624e-03
8.800000000000000000e+01,1.658809657205431720e-01,5.235159854128694779e-01,2.111448924175596438e-03,-5.234272765467611332e-01,-2.689268991989142606e-03
8.900000000000000000e+01,1.658792412266055782e-01,5.235239030482875533e-01,1.900232500329877101e-03,-5.234373547967546836e-01,-2.418779998443687344e-03
9.000000000000000000e+01,1.658776895645671101e-01,5.235310286472486530e-01,1.710143750669205305e-03,-5.234464192713030872e-01,-2.175473891608273140e-03
9.100000000000000000e+01,1.658762935556549190e-01,5.235374414364104556e-01,1.539069398841797160e-03,-5.234545718582245266e-01,-1.956620861142619947e-03
9.200000000000000000e+01,1.658750376271966864e-01,5.235432127178248907e-01,1.385107539476833870e-03,-5.234619042127411914e-01,-1.759765083986957303e-03
9.300000000000000000e+01,1.658739077387030858e-01,5.235484066615631038e-01,1.246546497169615441e-03,-5.234684987845228399e-01,-1.582697227594219609e-03
9.400000000000000000e+01,1.658728912500768149e-01,5.235530810190633932e-01,1.121845800060926150e-03,-5.234744297416877856e-01,-1.423429719593710934e-03
9.500000000000000000e+01,1.658719767867067041e-01,5.235572877651317736e-01,1.009619056404110777e-03,-5.234797638021029265e-01,-1.280174499637982922e-03
9.600000000000000000e+01,1.658711541139992751e-01,5.235610736757306816e-01,9.086185437482653064e-04,-5.234845609812815992e-01,-1.151323002888408366e-03
9.700000000000000000e+01,1.658704140234596724e-01,5.235644808479783530e-01,8.177213394521660149e-04,-5.234888752652440136e-01,-1.035428150966261973e-03
9.800000000000000000e+01,1.658697482299329728e-01,5.235675471681382476e-01,7.359168383638532533e-04,-5.234927552158649133e-01,-9.311881490243485281e-04
9.900000000000000000e+01,1.658691492790760891e-01,5.235703067328004723e-01,6.622955189404015289e-04,-5.234962445154809352e-01,-8.374319078378832364e-04
1.000000000000000000e+02,1.658686104640852144e-01,5.235727902279377899e-01,5.960388329430844206e-04,-5.234993824568474619e-01,-7.531059279615483215e-04
1.010000000000000000e+02,1.658681257507643170e-01,5.235750252700474006e-01,5.364101063090874781e-04,-5.235022043839283601e-01,-6.772624994174838032e-04
1.020000000000000000e+02,1.658676897100987979e-01,5.235770367131729053e-01,4.827463501167675438e-04,-5.235047420884491043e-01,-6.090490849711635308e-04
1.030000000000000000e+02,1.658672974575880754e-01,5.235788469252169453e-01,4.344508905655176684e-04,-5.235070241666505142e-01,-5.476987683429891673e-04
1.040000000000000000e+02,1.658669445986560853e-01,5.235804760366173927e-01,3.909867361058848106e-04,-5.235090763402362457e-01,-4.925216605804720463e-04
1.050000000000000000e+02,1.658666271795324887e-01,5.235819421641505489e-01,3.518706079602654680e-04,-5.235109217451050512e-01,-4.428971685056976612e-04
1.060000000000000000e+02,1.658663416430575244e-01,5.235832616123492489e-01,3.166675677010485739e-04,-5.235125811911000016e-01,-3.982670387991487358e-04
1.070000000000000000e+02,1.658660847889148471e-01,5.235844490547749697e-01,2.849861821677316764e-04,-5.235140733956831216e-01,-3.581290999502362922e-04
1.080000000000000000e+02,1.658658537378517317e-01,5.235855176971582203e-01,2.564741719762919561e-04,-5.235154151941500134e-01,-3.220316320630428218e-04
1.090000000000000000e+02,1.658656458994831884e-01,5.235864794242218734e-01,2.308144952705592405e-04,-5.235166217287400281e-01,-2.895683015976680940e-04
1.100000000000000000e+02,1.658654589433257442e-01,5.235873449318183548e-01,2.077218231571356741e-04,-5.235177066187580719e-01,-2.603736043409961331e-04
1.110000000000000000e+02,1.658652907727331538e-01,5.235881238458502951e-01,1.869393676752594674e-04,-5.235186821136150748e-01,-2.341187656803942071e-04
1.120000000000000000e+02,1.658651395014444363e-01,5.235888248292962510e-01,1.682360270255622554e-04,-5.235195592304995316e-01,-2.105080522714465412e-04
1.130000000000000000e+02,1.658650034324849476e-01,5.235894556785309906e-01,1.514038163339633859e-04,-5.235203478782239905e-01,-1.892754538775629001e-04
1.140000000000000000e+02,1.658648810391803452e-01,5.235900234100118178e-01,1.362555553979750902e-04,-5.235210569686332693e-01,-1.701816982153160922e-04
1.150000000000000000e+02,1.658647709480753907e-01,5.235905343382938337e-01,1.226227876955567498e-04,-5.235216945168225111e-01,-1.530115654200123133e-04
1.160000000000000000e+02,1.658646719235645772e-01,5.235909941462418837e-01,1.103539075430885096e-04,-5.235222677312895145e-01,-1.375714720824198556e-04
1.170000000000000000e+02,1.658645828540642464e-01,5.235914079482192340e-01,9.931247457283589068e-05,-5.235227830950303085e-01,-1.236872977857517695e-04
1.180000000000000000e+02,1.658645027395704852e-01,5.235917803469559706e-01,8.937569680551273510e-05,-5.235232464384879103e-01,-1.112024298341280043e-04
1.190000000000000000e+02,1.658644306804660518e-01,5.235921154847286152e-01,8.043306544281861130e-05,-5.235236630051725015e-01,-9.997600429315814765e-05
1.200000000000000000e+02,1.658643658674472943e-01,5.235924170894211693e-01,7.238512622159333661e-05,-5.235240375106875454e-01,-8.988132359990951188e-05
1.210000000000000000e+02,1.658643075724638427e-01,5.235926885159779554e-01,6.514237364187619493e-05,-5.235243741958254260e-01,-8.080443308465775688e-05
1.220000000000000000e+02,1.658642551405647980e-01,5.235929327837105518e-01,5.862425581741065740e-05,-5.235246768743271328e-01,-7.264284040824118096e-05
1.230000000000000000e+02,1.658642079825642934e-01,5.235931526098723809e-01,5.275827885156087285e-05,-5.235249489758421193e-01,-6.530436360065224196e-05
1.240000000000000000e+02,1.658641655684413019e-01,5.235933504398757599e-01,4.747920081132365539e-05,-5.235251935845703919e-01,-5.870609478244339903e-05
1.250000000000000000e+02,1.658641274214022465e-01,5.235935284744853702e-01,4.272830630174666332e-05,-5.235254134740202625e-01,-5.277346796824437358e-05
1.260000000000000000e+02,1.658640931125391071e-01,5.235936886942921253e-01,3.845275362478131083e-05,-5.235256111382723399e-01,-4.743942049644750782e-05
1.270000000000000000e+02,1.658640622560230427e-01,5.235938328817388854e-01,3.460498722494276811e-05,-5.235257888201002574e-01,-4.264363869644437048e-05
1.280000000000000000e+02,1.658640345047804332e-01,5.235939626409427117e-01,3.114220890603991524e-05,-5.235259485362641074e-01,-3.833187931983359707e-05
1.290000000000000000e+02,1.658640095466026865e-01,5.235940794155341527e-01,2.802590194481998539e-05,-5.235260921002605761e-01,-3.445535916194288409e-05
1.300000000000000000e+02,1.658639871006457323e-01,5.235941845047125121e-01,2.522140280878095724e-05,-5.235262211427855750e-01,-3.097020598929068474e-05
1.310000000000000000e+02,1.658639669142818462e-01,5.235942790776946243e-01,2.269751570187596764e-05,-5.235263371301382973e-01,-2.783696464212464503e-05
1.320000000000000000e+02,1.658639487602666662e-01,5.235943641867182308e-01,2.042616567708948998e-05,-5.235264413807748651e-01,-2.502015277797300948e-05
1.330000000000000000e+02,1.658639324341902865e-01,5.235944407787450627e-01,1.838208644824630502e-05,-5.235265350801967532e-01,-2.248786124307422592e-05
1.340000000000000000e+02,1.658639177521842312e-01,5.235945097059926390e-01,1.654253941793596268e-05,-5.235266192943409669e-01,-2.021139461506884916e-05
1.350000000000000000e+02,1.658639045488591590e-01,5.235945717354127948e-01,1.488706082436423044e-05,-5.235266949816238524e-01,-1.816494788026378255e-05
1.360000000000000000e+02,1.658638926754488763e-01,5.235946275572218589e-01,1.339723417459243423e-05,-5.235267630037722109e-01,-1.632531559368616055e-05
1.370000000000000000e+02,1.658638819981405887e-01,5.235946777925778450e-01,1.205648544475451813e-05,-5.235268241355651719e-01,-1.467163030084483793e-05
1.380000000000000000e+02,1.658638723965732420e-01,5.235947230004893704e-01,1.084989875849266319e-05,-5.235268790735952971e-01,-1.318512723489418016e-05
1.390000000000000000e+02,1.658638637624862411e-01,5.235947636840331265e-01,9.764050509858069124e-06,-5.235269284441481652e-01,-1.184893268378743173e-05
1.400000000000000000e+02,1.658638559985040617e-01,5.235948002959501801e-01,8.786860085827459332e-06,-5.235269728102882603e-01,-1.064787363552356665e-05
1.410000000000000000e+02,1.658638490170420421e-01,5.235948332436813901e-01,7.907455502409232789e-06,-5.235270126782323175e-01,-9.568306565924095510e-06
1.420000000000000000e+02,1.658638427393234749e-01,5.235948628939001148e-01,7.116052505892155576e-06,-5.235270485030799614e-01,-8.597963442633644850e-06
1.430000000000000000e+02,1.658638370944945373e-01,5.235948895765907274e-01,6.403845743609388552e-06,-5.235270806939683608e-01,-7.725813226908461592e-06
1.440000000000000000e+02,1.658638320188272619e-01,5.235949135887192352e-01,5.762910838616478257e-06,-5.235271096187070761e-01,-6.941937296248589090e-06
1.450000000000000000e+02,1.658638274550046643e-01,5.235949351975369703e-01,5.186116257955938715e-06,-5.235271356079462812e-01,-6.237417403558122199e-06
1.460000000000000000e+02,1.658638233514756477e-01,5.235949546435535451e-01,4.667043989576007568e-06,-5.235271589589250985e-01,-5.604234913934869812e-06
1.470000000000000000e+02,1.658638196618754390e-01,5.235949721432126003e-01,4.199918160475221091e-06,-5.235271799388424574e-01,-5.035180174880214572e-06
1.480000000000000000e+02,1.658638163445045888e-01,5.235949878912992128e-01,3.779540790041596022e-06,-5.235271987878883371e-01,-4.523771006757976603e-06
1.490000000000000000e+02,1.658638133618602351e-01,5.235950020631074953e-01,3.401233986014481699e-06,-5.235272157219691413e-01,-4.064179395217542509e-06
1.500000000000000000e+02,1.658638106802131085e-01,5.235950148163903695e-01,3.060787898267722893e-06,-5.235272309351590714e-01,-3.651165571911197835e-06
1.510000000000000000e+02,1.658638082692294735e-01,5.235950262931149402e-01,2.754413902246141500e-06,-5.235272446019036963e-01,-3.280018713556479843e-06
1.520000000000000000e+02,1.658638061016288190e-01,5.235950366210417872e-01,2.478702449905113120e-06,-5.235272568790021452e-01,-2.946503633419396529e-06
1.530000000000000000e+02,1.658638041528767704e-01,5.235950459151466063e-01,2.230585148308586589e-06,-5.235272679073889046e-01,-2.646812816096439908e-06
1.540000000000000000e+02,1.658638024009095602e-01,5.235950542788991857e-01,2.007300623483816397e-06,-5.235272778137359806e-01,-2.377523296907051494e-06
1.550000000000000000e+02,1.658638008258849217e-01,5.235950618054150407e-01,1.806363809418123081e-06,-5.235272867118938578e-01,-2.135557889991765426e-06
1.560000000000000000e+02,1.658637994099591562e-01,5.235950685784912517e-01,1.625538294952885108e-06,-5.235272947041867964e-01,-1.918150299076103296e-06
1.570000000000000000e+02,1.658637981370853498e-01,5.235950746735389405e-01,1.462811450575505974e-06,-5.235273018825774560e-01,-1.722813766353853952e-06
1.580000000000000000e+02,1.658637969928331568e-01,5.235950801584223768e-01,1.316372037260225361e-06,-5.235273083297143915e-01,-1.547312865432738512e-06
1.590000000000000000e+02,1.658637959642261239e-01,5.235950850942142631e-01,1.184590057084316720e-06,-5.235273141198732993e-01,-1.389638136749491448e-06
1.600000000000000000e+02,1.658637950395951965e-01,5.235950895358751911e-01,1.065998616407508291e-06,-5.235273193198036745e-01,-1.247983292204694524e-06
1.610000000000000000e+02,1.658637942084469075e-01,5.235950935328652633e-01,9.592776100701503789e-07,-5.235273239894898678e-01,-1.120724697966231696e-06
1.620000000000000000e+02,1.658637934613459153e-01,5.235950971296945422e-01,8.632390339140538788e-07,-5.235273281828354275e-01,-1.006402943436760251e-06
1.630000000000000000e+02,1.658637927898072850e-01,5.235951003664185421e-01,7.768137665773548970e-07,-5.235273319482781629e-01,-9.037062522318574222e-07
1.640000000000000000e+02,1.658637921862018416e-01,5.235951032790838733e-01,6.990396707596528287e-07,-5.235273353293430354e-01,-8.114555752373550204e-07
1.650000000000000000e+02,1.658637916436694892e-01,5.235951059001292540e-01,6.290508912294196025e-07,-5.235273383651396495e-01,-7.285911939255453058e-07
1.660000000000000000e+02,1.658637911560416900e-01,5.235951082587468886e-01,5.660682249697270483e-07,-5.235273410908090064e-01,-6.541606512646830871e-07
1.670000000000000000e+02,1.658637907177722415e-01,5.235951103812070961e-01,5.093904425730388580e-07,-5.235273435379254048e-01,-5.873079235264434895e-07
1.680000000000000000e+02,1.658637903238741884e-01,5.235951122911508548e-01,4.583864923684620293e-07,-5.235273457348573745e-01,-5.272636711084234466e-07
1.690000000000000000e+02,1.658637899698638396e-01,5.235951140098528134e-01,4.124884748419577175e-07,-5.235273477070927495e-01,-4.733364852053041467e-07
1.700000000000000000e+02,1.658637896517095867e-01,5.235951155564583237e-01,3.711853264121797478e-07,-5.235273494775302128e-01,-4.249049972386212724e-07
1.710000000000000000e+02,1.658637893657867179e-01,5.235951169481963818e-01,3.340171267057665654e-07,-5.235273510667418639e-01,-3.814108094866484285e-07
1.720000000000000000e+02,1.658637891088368121e-01,5.235951182005713633e-01,3.005699847298985533e-07,-5.235273524932090305e-01,-3.423521172743473491e-07
1.730000000000000000e+02,1.658637888779296021e-01,5.235951193275356630e-01,2.704714340264930993e-07,-5.235273537735339877e-01,-3.072779869323182951e-07
1.740000000000000000e+02,1.658637886704311393e-01,5.235951203416452371e-01,2.433862865013971147e-07,-5.235273549226306944e-01,-2.757832150415740853e-07
1.750000000000000000e+02,1.658637884839732068e-01,5.235951212541989364e-01,2.190128966675534656e-07,-5.235273559538961008e-01,-2.475036979767578199e-07
1.760000000000000000e+02,1.658637883164268412e-01,5.235951220753648494e-01,1.970798153694594984e-07,-5.235273568793639143e-01,-2.221122675340723650e-07
1.770000000000000000e+02,1.658637881658781288e-01,5.235951228142929903e-01,1.773427554136761874e-07,-5.235273577098429332e-01,-1.993149573248801069e-07
1.780000000000000000e+02,1.658637880306063628e-01,5.235951234792175502e-01,1.595818848153398946e-07,-5.235273584550413917e-01,-1.788476428350674285e-07
1.790000000000000000e+02,1.658637879090650302e-01,5.235951240775482685e-01,1.435993712429440412e-07,-5.235273591236789814e-01,-1.604730135019057775e-07
1.800000000000000000e+02,1.658637877998635490e-01,5.235951246159532557e-01,1.292171870869493631e-07,-5.235273597235867715e-01,-1.439778583273352819e-07
1.810000000000000000e+02,1.658637877017518913e-01,5.235951251004329343e-01,1.162751204882091303e-07,-5.235273602617976918e-01,-1.291706275278670773e-07
1.820000000000000000e+02,1.658637876136066780e-01,5.235951255363870960e-01,1.046289991684396746e-07,-5.235273607446278010e-01,-1.158792367891693314e-07
1.830000000000000000e+02,1.658637875344178836e-01,5.235951259286749648e-01,9.414907978450232834e-08,-5.235273611777490066e-01,-1.039490893045686611e-07
1.840000000000000000e+02,1.658637874632777065e-01,5.235951262816691543e-01,8.471860525975009354e-08,-5.235273615662544566e-01,-9.324130756855348465e-08
1.850000000000000000e+02,1.658637873993702161e-01,5.235951265993046277e-01,7.623250883711791750e-08,-5.235273619147174928e-01,-8.363113624352466555e-08
1.860000000000000000e+02,1.658637873419618602e-01,5.235951268851223306e-01,6.859623782440022729e-08,-5.235273622272446081e-01,-7.500651545600605566e-08
1.870000000000000000e+02,1.658637872903934163e-01,5.235951271423086029e-01,6.172470570449975564e-08,-5.235273625075228532e-01,-6.726678465539228562e-08
1.880000000000000000e+02,1.658637872440726913e-01,5.235951273737309286e-01,5.554134534510642356e-08,-5.235273627588625800e-01,-6.032153267906394359e-08
1.890000000000000000e+02,1.658637872024666948e-01,5.235951275819694661e-01,4.997725026266627193e-08,-5.235273629842357446e-01,-5.408955083699147632e-08
1.900000000000000000e+02,1.658637871650970874e-01,5.235951277693462469e-01,4.497041719069246349e-08,-5.235273631863103239e-01,-4.849790512015908281e-08
1.910000000000000000e+02,1.658637871315339074e-01,5.235951279379505996e-01,4.046504465306792079e-08,-5.235273633674815130e-01,-4.348109470710581841e-08
1.920000000000000000e+02,1.658637871013901310e-01,5.235951280896627980e-01,3.641092235179600614e-08,-5.235273635298993700e-01,-3.898029068651094803e-08
1.930000000000000000e+02,1.658637870743187026e-01,5.235951282261747108e-01,3.276286283724903112e-08,-5.235273636754937954e-01,-3.494266231868496498e-08
1.940000000000000000e+02,1.658637870500074274e-01,5.235951283490088981e-01,2.948020569632822235e-08,-5.235273638059969592e-01,-3.132076964639074947e-08
1.950000000000000000e+02,1.658637870281755577e-01,5.235951284595353750e-01,2.652635861559212352e-08,-5.235273639229637288e-01,-2.807201352345329428e-08
1.960000000000000000e+02,1.658637870085711841e-01,5.235951285589870441e-01,2.386839464339767592e-08,-5.235273640277893215e-01,-2.515813854244842302e-08
1.970000000000000000e+02,1.658637869909677653e-01,5.235951286484732403e-01,2.147668160343842976e-08,-5.235273641217259577e-01,-2.254480135358926547e-08
1.980000000000000000e+02,1.658637869751615757e-01,5.235951287289922762e-01,1.932455657119701878e-08,-5.235273642058975163e-01,-2.020116294860936202e-08
1.990000000000000000e+02,1.658637869609698723e-01,5.235951288014424332e-01,1.738802439058453835e-08,-5.235273642813121908e-01,-1.809953328729739603e-08
2.000000000000000000e+02,1.658637869482281202e-01,5.235951288666319536e-01,1.564549376298700349e-08,-5.235273643488749240e-01,-1.621506062101443023e-08
2.010000000000000000e+02,1.658637869367889373e-01,5.235951289252883667e-01,1.407753710757748237e-08,-5.235273644093975109e-01,-1.452542641339121995e-08
2.020000000000000000e+02,1.658637869265195408e-01,5.235951289780661488e-01,1.266666646956271950e-08,-5.235273644636083690e-01,-1.301059918806541939e-08
2.030000000000000000e+02,1.658637869173005264e-01,5.235951290255542734e-01,1.139714953198860201e-08,-5.235273645121608643e-01,-1.165259511683466749e-08
2.040000000000000000e+02,1.658637869090251460e-01,5.235951290682827608e-01,1.025482809160155382e-08,-5.235273645556411948e-01,-1.043527635548449371e-08
2.050000000000000000e+02,1.658637869015970878e-01,5.235951291067284519e-01,9.226960900661858258e-09,-5.235273645945751619e-01,-9.344154318432742599e-09
2.060000000000000000e+02,1.658637868949297545e-01,5.235951291413204478e-01,8.302084669059129882e-09,-5.235273646294344996e-01,-8.366227880776455038e-09
2.070000000000000000e+02,1.658637868889457356e-01,5.235951291724449952e-01,7.469883571170847519e-09,-5.235273646606420916e-01,-7.489823889369972769e-09
2.080000000000000000e+02,1.658637868835751428e-01,5.235951292004494828e-01,6.721071719640878342e-09,-5.235273646885774124e-01,-6.704474072263139112e-09
2.090000000000000000e+02,1.658637868787554981e-01,5.235951292256465495e-01,6.047297250119117261e-09,-5.235273647135806341e-01,-6.000778016573656088e-09
2.100000000000000000e+02,1.658637868744303190e-01,5.235951292483175257e-01,5.441043435317652823e-09,-5.235273647359569571e-01,-5.370304247759749709e-09
2.110000000000000000e+02,1.658637868705492291e-01,5.235951292687156533e-01,4.895546218637181301e-09,-5.235273647559798293e-01,-4.805482725423968399e-09
2.120000000000000000e+02,1.658637868670668758e-01,5.235951292870686391e-01,4.404716594100371079e-09,-5.235273647738944991e-01,-4.299528209787391864e-09
2.130000000000000000e+02,1.658637868639423474e-01,5.235951293035814302e-01,3.963079433339377425e-09,-5.235273647899209015e-01,-3.846349430489983955e-09
2.140000000000000000e+02,1.658637868611389787e-01,5.235951293184385458e-01,3.565706664557842201e-09,-5.235273648042562122e-01,-3.440481635549569325e-09
2.150000000000000000e+02,1.658637868586241293e-01,5.235951293318058530e-01,3.208161309014144699e-09,-5.235273648170771787e-01,-3.077020740521538387e-09
2.160000000000000000e+02,1.658637868563679896e-01,5.235951293438327880e-01,2.886454725763957494e-09,-5.235273648285420078e-01,-2.751570137743116740e-09
2.170000000000000000e+02,1.658637868543442195e-01,5.235951293546535767e-01,2.596993395155684149e-09,-5.235273648387928080e-01,-2.460188273059358005e-09
2.180000000000000000e+02,1.658637868525291437e-01,5.235951293643892335e-01,2.336549269516821487e-09,-5.235273648479566999e-01,-2.199335199079045330e-09
2.190000000000000000e+02,1.658637868509010849e-01,5.235951293731484490e-01,2.102212095434941335e-09,-5.235273648561477033e-01,-1.965839813646313561e-09
2.200000000000000000e+02,1.658637868494410028e-01,5.235951293810291451e-01,1.891367801307329568e-09,-5.235273648634679589e-01,-1.756858375894231841e-09
2.210000000000000000e+02,1.658637868481316335e-01,5.235951293881193624e-01,1.701661336085949536e-09,-5.235273648700089488e-01,-1.569837142764809949e-09
2.220000000000000000e+02,1.658637868469574062e-01,5.235951293944983709e-01,1.530975108960535429e-09,-5.235273648758526077e-01,-1.402490881686656811e-09
2.230000000000000000e+02,1.658637868459046927e-01,5.235951294002375578e-01,1.377402503528868909e-09,-5.235273648810724323e-01,-1.252769405029300127e-09
2.240000000000000000e+02,1.658637868449606978e-01,5.235951294054009830e-01,1.239226386744339860e-09,-5.235273648857342588e-01,-1.118832146014007723e-09
2.250000000000000000e+02,1.658637868441144581e-01,5.235951294100463782e-01,1.114905838506885752e-09,-5.235273648898969290e-01,-9.990299916993918720e-10
2.260000000000000000e+02,1.658637868433558149e-01,5.235951294142258128e-01,1.003052104574750722e-09,-5.235273648936131785e-01,-8.918870380104024860e-10
2.270000000000000000e+02,1.658637868426758311e-01,5.235951294179859161e-01,9.024126018391535712e-10,-5.235273648969301918e-01,-7.960792630327303478e-10
2.280000000000000000e+02,1.658637868420663186e-01,5.235951294213686547e-01,8.118655747202407395e-10,-5.235273648998902685e-01,-7.104209837810426167e-10
2.290000000000000000e+02,1.658637868415200889e-01,5.235951294244119980e-01,7.304013683527323481e-10,-5.235273649025312670e-01,-6.338473535413671227e-10
2.300000000000000000e+02,1.658637868410304528e-01,5.235951294271499190e-01,6.571065026360078282e-10,-5.235273649048871603e-01,-5.654058768141282063e-10
2.310000000000000000e+02,1.658637868405918592e-01,5.235951294296130598e-01,5.911635447829994301e-10,-5.235273649069881463e-01,-5.042415958290697687e-10
2.320000000000000000e+02,1.658637868401988125e-01,5.235951294318290650e-01,5.318352618455996694e-10,-5.235273649088614256e-01,-4.495913558771788552e-10
2.330000000000000000e+02,1.658637868398466497e-01,5.235951294338225814e-01,4.784564907975973230e-10,-5.235273649105313121e-01,-4.007684359711479964e-10
2.340000000000000000e+02,1.658637868395313186e-01,5.235951294356160357e-01,4.304340897868978557e-10,-5.235273649120194550e-01,-3.571581487570681905e-10
2.350000000000000000e+02,1.658637868392486558e-01,5.235951294372295228e-01,3.872284010759570145e-10,-5.235273649133453944e-01,-3.182135474676702289e-10
2.360000000000000000e+02,1.658637868389956083e-01,5.235951294386810284e-01,3.483559101656682021e-10,-5.235273649145263386e-01,-2.834383022147373484e-10
2.370000000000000000e+02,1.658637868387689285e-01,5.235951294399867617e-01,3.133836634321084593e-10,-5.235273649155779419e-01,-2.523966910180707540e-10
2.380000000000000000e+02,1.658637868385659797e-01,5.235951294411614887e-01,2.819216541174208009e-10,-5.235273649165141929e-01,-2.246899395814090954e-10
2.390000000000000000e+02,1.658637868383842917e-01,5.235951294422181990e-01,2.536144200093405324e-10,-5.235273649173474153e-01,-1.999641086098403476e-10
2.400000000000000000e+02,1.658637868382215053e-01,5.235951294431687719e-01,2.281493278753244511e-10,-5.235273649180887112e-01,-1.779043708884709251e-10
2.410000000000000000e+02,1.658637868380759273e-01,5.235951294440239767e-01,2.052404575049844380e-10,-5.235273649187479617e-01,-1.582276288282765816e-10
2.420000000000000000e+02,1.658637868379455593e-01,5.235951294447932503e-01,1.846285838154526416e-10,-5.235273649193341594e-01,-1.406815947074152788e-10
2.430000000000000000e+02,1.658637868378287084e-01,5.235951294454852523e-01,1.660864828772213077e-10,-5.235273649198551871e-01,-1.250371153703598157e-10
2.440000000000000000e+02,1.658637868377244029e-01,5.235951294461077543e-01,1.494057280980900435e-10,-5.235273649203180391e-01,-1.110911793603814124e-10
2.450000000000000000e+02,1.658637868376309776e-01,5.235951294466677508e-01,1.343991697245758637e-10,-5.235273649207291546e-01,-9.866566361591640045e-11
2.460000000000000000e+02,1.658637868375473223e-01,5.235951294471714590e-01,1.208984862695451607e-10,-5.235273649210940849e-01,-8.759391473314848049e-11
2.470000000000000000e+02,1.658637868374726043e-01,5.235951294476246520e-01,1.087538983675866054e-10,-5.235273649214179370e-01,-7.773497474982796928e-11
2.480000000000000000e+02,1.658637868374057689e-01,5.235951294480322149e-01,9.782644263307474693e-11,-5.235273649217052627e-01,-6.895590798172626520e-11
2.490000000000000000e+02,1.658637868373458724e-01,5.235951294483989216e-01,8.799846694483188076e-11,-5.235273649219600589e-01,-6.114023072118214616e-11
2.500000000000000000e+02,1.658637868372923596e-01,5.235951294487287688e-01,7.915500016171796855e-11,-5.235273649221858783e-01,-5.418411453524087405e-11
2.510000000000000000e+02,1.658637868372446200e-01,5.235951294490254204e-01,7.119984610147082604e-11,-5.235273649223858294e-01,-4.799425103461158141e-11
2.520000000000000000e+02,1.658637868372019319e-01,5.235951294492923180e-01,6.404466148129336085e-11,-5.235273649225629100e-01,-4.249285425598591659e-11
2.530000000000000000e+02,1.658637868371636848e-01,5.235951294495323483e-01,5.760665343004209706e-11,-5.235273649227195625e-01,-3.760030604856264312e-11
2.540000000000000000e+02,1.658637868371295176e-01,5.235951294497482866e-01,5.181621994154987737e-11,-5.235273649228581183e-01,-3.325296672841978513e-11
2.550000000000000000e+02,1.658637868370990143e-01,5.235951294499424646e-01,4.660656468651680613e-11,-5.235273649229805759e-01,-2.939024028501618659e-11
2.560000000000000000e+02,1.658637868370718138e-01,5.235951294501171027e-01,4.192146337289466833e-11,-5.235273649230887116e-01,-2.596036932186642577e-11
2.570000000000000000e+02,1.658637868370474999e-01,5.235951294502741993e-01,3.770744616721050627e-11,-5.235273649231841908e-01,-2.291599560593634445e-11
2.580000000000000000e+02,1.658637868370257396e-01,5.235951294504155307e-01,3.391638235766241137e-11,-5.235273649232684567e-01,-2.021407108010768108e-11
2.590000000000000000e+02,1.658637868370063662e-01,5.235951294505426512e-01,3.050543120922906643e-11,-5.235273649233427307e-01,-1.781671910616935123e-11
2.600000000000000000e+02,1.658637868369891022e-01,5.235951294506570042e-01,2.743721461550232656e-11,-5.235273649234081228e-01,-1.569059772149669109e-11
2.610000000000000000e+02,1.658637868369736146e-01,5.235951294507598108e-01,2.467688743238767082e-11,-5.235273649234656324e-01,-1.380685894163343302e-11
2.620000000000000000e+02,1.658637868369598478e-01,5.235951294508522924e-01,2.219501066080127469e-11,-5.235273649235162585e-01,-1.214043086443833852e-11
2.630000000000000000e+02,1.658637868369474688e-01,5.235951294509354481e-01,1.996218976545369561e-11,-5.235273649235606674e-01,-1.066347938479013306e-11
2.640000000000000000e+02,1.658637868369364776e-01,5.235951294510102771e-01,1.795431809735877504e-11,-5.235273649235996363e-01,-9.357784674510681076e-12
2.650000000000000000e+02,1.658637868369268187e-01,5.235951294510775567e-01,1.614731984703809505e-11,-5.235273649236338311e-01,-8.203898326119390699e-12
2.660000000000000000e+02,1.658637868369180479e-01,5.235951294511380638e-01,1.452250420494036849e-11,-5.235273649236638072e-01,-7.182107480852248445e-12
2.670000000000000000e+02,1.658637868369102764e-01,5.235951294511924647e-01,1.306106707468652695e-11,-5.235273649236900084e-01,-6.279241230585941498e-12
2.680000000000000000e+02,1.658637868369033375e-01,5.235951294512414256e-01,1.174694605333871854e-11,-5.235273649237128790e-01,-5.483632712714746751e-12
2.690000000000000000e+02,1.658637868368970925e-01,5.235951294512853904e-01,1.056414447955136827e-11,-5.235273649237327520e-01,-4.781454861197715972e-12
2.700000000000000000e+02,1.658637868368916246e-01,5.235951294513250254e-01,9.501910368060723341e-12,-5.235273649237500715e-01,-4.164470212247205089e-12
2.710000000000000000e+02,1.658637868368866841e-01,5.235951294513606635e-01,8.544194633783489239e-12,-5.235273649237651705e-01,-3.621134452181132381e-12
2.720000000000000000e+02,1.658637868368823265e-01,5.235951294513926380e-01,7.682957013535119705e-12,-5.235273649237782712e-01,-3.141352082159253579e-12
2.730000000000000000e+02,1.658637868368785240e-01,5.235951294514213927e-01,6.910146963427979374e-12,-5.235273649237895954e-01,-2.720149224100427183e-12
2.740000000000000000e+02,1.658637868368750823e-01,5.235951294514472609e-01,6.215074872800098700e-12,-5.235273649237993654e-01,-2.350800683633042549e-12
2.750000000000000000e+02,1.658637868368720292e-01,5.235951294514705756e-01,5.589727669601293170e-12,-5.235273649238078031e-01,-2.026871862551972722e-12
2.760000000000000000e+02,1.658637868368693091e-01,5.235951294514915588e-01,5.026018947971594229e-12,-5.235273649238150195e-01,-1.742867128138219221e-12
2.770000000000000000e+02,1.658637868368668666e-01,5.235951294515104326e-01,4.518649876605436668e-12,-5.235273649238212368e-01,-1.494649470030270201e-12
2.780000000000000000e+02,1.658637868368647017e-01,5.235951294515273080e-01,4.062227381459479099e-12,-5.235273649238265659e-01,-1.276838215444921326e-12
2.790000000000000000e+02,1.658637868368627588e-01,5.235951294515425181e-01,3.654046834306663951e-12,-5.235273649238311178e-01,-1.086955181297617502e-12
2.800000000000000000e+02,1.658637868368611212e-01,5.235951294515561738e-01,3.286107782083130973e-12,-5.235273649238350036e-01,-9.211325802369810345e-13
2.810000000000000000e+02,1.658637868368595392e-01,5.235951294515684973e-01,2.955721864421033790e-12,-5.235273649238382232e-01,-7.753678179352447772e-13
2.820000000000000000e+02,1.658637868368582347e-01,5.235951294515795995e-01,2.657554354686563222e-12,-5.235273649238408877e-01,-6.502358201043196066e-13
2.830000000000000000e+02,1.658637868368570967e-01,5.235951294515895915e-01,2.388875089927065660e-12,-5.235273649238431082e-01,-5.430176389095985544e-13
2.840000000000000000e+02,1.658637868368560975e-01,5.235951294515985843e-01,2.147080890685479287e-12,-5.235273649238449956e-01,-4.489389580533379547e-13
2.850000000000000000e+02,1.658637868368551260e-01,5.235951294516065779e-01,1.929397004681631557e-12,-5.235273649238465499e-01,-3.677777772884225811e-13
2.860000000000000000e+02,1.658637868368542656e-01,5.235951294516137944e-01,1.735848600709937171e-12,-5.235273649238477711e-01,-2.976896584472192727e-13
2.870000000000000000e+02,1.658637868368535440e-01,5.235951294516203447e-01,1.561118791369701178e-12,-5.235273649238487703e-01,-2.374925102746191628e-13
2.880000000000000000e+02,1.658637868368528778e-01,5.235951294516262289e-01,1.402498241369888083e-12,-5.235273649238495475e-01,-1.856267674866561385e-13
2.890000000000000000e+02,1.658637868368523227e-01,5.235951294516314469e-01,1.259987064553112855e-12,-5.235273649238501026e-01,-1.416045768953222727e-13
2.900000000000000000e+02,1.658637868368518786e-01,5.235951294516362209e-01,1.133582073591814560e-12,-5.235273649238505467e-01,-1.049972174516662083e-13
2.910000000000000000e+02,1.658637868368513790e-01,5.235951294516404397e-01,1.017923202799831080e-12,-5.235273649238508797e-01,-7.332568059289759166e-14
2.920000000000000000e+02,1.658637868368510460e-01,5.235951294516442145e-01,9.157043041553358336e-13,-5.235273649238511018e-01,-4.552639725616544622e-14
2.930000000000000000e+02,1.658637868368506851e-01,5.235951294516476562e-01,8.242107151703005621e-13,-5.235273649238512128e-01,-2.222049249253466397e-14
2.940000000000000000e+02,1.658637868368504353e-01,5.235951294516507648e-01,7.407715537060152882e-13,-5.235273649238512128e-01,-3.566494317274312919e-15
2.950000000000000000e+02,1.658637868368501023e-01,5.235951294516535404e-01,6.654206371423311930e-13,-5.235273649238512128e-01,1.140740094517167720e-14
2.960000000000000000e+02,1.658637868368498525e-01,5.235951294516559829e-01,5.981145029926462930e-13,-5.235273649238511018e-01,2.503569617544553211e-14
2.970000000000000000e+02,1.658637868368497137e-01,5.235951294516582033e-01,5.388610578946389165e-13,-5.235273649238509908e-01,3.463299302797934125e-14
2.980000000000000000e+02,1.658637868368494639e-01,5.235951294516602017e-01,4.849803545777913062e-13,-5.235273649238507687e-01,4.326556678743555171e-14
2.990000000000000000e+02,1.658637868368492974e-01,5.235951294516619781e-01,4.364874303562805453e-13,-5.235273649238505467e-01,4.831537228900853555e-14
3.000000000000000000e+02,1.658637868368492141e-01,5.235951294516636434e-01,3.933575169100183484e-13,-5.235273649238503246e-01,5.208792028488647355e-14
3.010000000000000000e+02,1.658637868368491031e-01,5.235951294516650867e-01,3.529593522257126264e-13,-5.235273649238501026e-01,5.566074591398658059e-14
3.020000000000000000e+02,1.658637868368489365e-01,5.235951294516664190e-01,3.179100705880765495e-13,-5.235273649238498805e-01,5.818097057982950184e-14
3.030000000000000000e+02,1.658637868368489088e-01,5.235951294516676402e-01,2.855817648602767645e-13,-5.235273649238496585e-01,6.061054937585339887e-14
3.040000000000000000e+02,1.658637868368488255e-01,5.235951294516687504e-01,2.559206572822730976e-13,-5.235273649238494365e-01,6.175518596715610032e-14
3.050000000000000000e+02,1.658637868368487700e-01,5.235951294516697496e-01,2.289672409919869841e-13,-5.235273649238492144e-01,6.260642636113178567e-14
3.060000000000000000e+02,1.658637868368486590e-01,5.235951294516706378e-01,2.047185101695340474e-13,-5.235273649238489924e-01,6.313929078715710264e-14
3.070000000000000000e+02,1.658637868368486867e-01,5.235951294516714150e-01,1.831559054716908565e-13,-5.235273649238487703e-01,6.332304211364208718e-14
3.080000000000000000e+02,1.658637868368486035e-01,5.235951294516720811e-01,1.642511646952489392e-13,-5.235273649238485483e-01,6.222927597334134310e-14
3.090000000000000000e+02,1.658637868368485202e-01,5.235951294516727472e-01,1.480392526064961323e-13,-5.235273649238483262e-01,6.098613428362264734e-14
3.100000000000000000e+02,1.658637868368485480e-01,5.235951294516733023e-01,1.318618291539405619e-13,-5.235273649238481042e-01,5.984510225964722150e-14
3.110000000000000000e+02,1.658637868368484924e-01,5.235951294516737464e-01,1.183634052655058664e-13,-5.235273649238478821e-01,5.799993185065145732e-14
3.120000000000000000e+02,1.658637868368484924e-01,5.235951294516741905e-01,1.075206475968068701e-13,-5.235273649238476601e-01,5.518235160260588282e-14
3.130000000000000000e+02,1.658637868368482982e-01,5.235951294516746346e-01,9.672690221905131035e-14,-5.235273649238474380e-01,5.337366911796743948e-14
3.140000000000000000e+02,1.658637868368484647e-01,5.235951294516749677e-01,8.592071736853565020e-14,-5.235273649238472160e-01,5.102221941507713040e-14
3.150000000000000000e+02,1.658637868368484092e-01,5.235951294516753007e-01,7.780512596476136143e-14,-5.235273649238469940e-01,4.833722600327409449e-14
3.160000000000000000e+02,1.658637868368484092e-01,5.235951294516756338e-01,6.968232038137530777e-14,-5.235273649238467719e-01,4.482100353293054189e-14
3.170000000000000000e+02,1.658637868368483537e-01,5.235951294516758558e-01,6.160436470297823132e-14,-5.235273649238465499e-01,4.207832276019845972e-14
3.180000000000000000e+02,1.658637868368484092e-01,5.235951294516760779e-01,5.617000508655399000e-14,-5.235273649238464388e-01,3.837080719007190597e-14
3.190000000000000000e+02,1.658637868368483814e-01,5.235951294516762999e-01,5.075423149057487617e-14,-5.235273649238463278e-01,3.759105679297314229e-14
3.200000000000000000e+02,1.658637868368483259e-01,5.235951294516765220e-01,4.533991938389457894e-14,-5.235273649238462168e-01,3.639816335269596604e-14
3.210000000000000000e+02,1.658637868368483259e-01,5.235951294516766330e-01,3.995121992552502794e-14,-5.235273649238461058e-01,3.554728929308215327e-14
3.220000000000000000e+02,1.658637868368483537e-01,5.235951294516767440e-01,3.719245334501769859e-14,-5.235273649238459948e-01,3.361583076470860272e-14
3.230000000000000000e+02,1.658637868368483814e-01,5.235951294516768550e-01,3.447898752933714804e-14,-5.235273649238458837e-01,3.267794167540001711e-14
3.240000000000000000e+02,1.658637868368483259e-01,5.235951294516769661e-01,3.174328086951513769e-14,-5.235273649238457727e-01,3.056728218556629996e-14
3.250000000000000000e+02,1.658637868368482704e-01,5.235951294516770771e-01,2.902787414388762460e-14,-5.235273649238456617e-01,2.932610643331014420e-14
3.260000000000000000e+02,1.658637868368483814e-01,5.235951294516771881e-01,2.631742648317247474e-14,-5.235273649238455507e-01,2.770396954759314563e-14
3.270000000000000000e+02,1.658637868368482704e-01,5.235951294516772991e-01,2.360665381306385492e-14,-5.235273649238454396e-01,2.596086239958482559e-14
3.280000000000000000e+02,1.658637868368483814e-01,5.235951294516774102e-01,2.089096635343372634e-14,-5.235273649238453286e-01,2.444443974693835048e-14
3.290000000000000000e+02,1.658637868368482704e-01,5.235951294516775212e-01,1.819676661513228554e-14,-5.235273649238452176e-01,2.292986475923828750e-14
3.300000000000000000e+02,1.658637868368483537e-01,5.235951294516776322e-01,1.549491924602768291e-14,-5.235273649238451066e-01,2.048732317905394317e-14
3.310000000000000000e+02,1.658637868368482704e-01,5.235951294516776322e-01,1.278242534323470735e-14,-5.235273649238449956e-01,1.836951904433425714e-14
3.320000000000000000e+02,1.658637868368483259e-01,5.235951294516776322e-01,1.275822088288263571e-14,-5.235273649238448845e-01,1.629707644392708842e-14
3.330000000000000000e+02,1.658637868368483537e-01,5.235951294516776322e-01,1.273967914646063407e-14,-5.235273649238447735e-01,1.444074532075396907e-14
3.340000000000000000e+02,1.658637868368483814e-01,5.235951294516776322e-01,1.272487481513118634e-14,-5.235273649238447735e-01,1.221437475895798460e-14
3.350000000000000000e+02,1.658637868368483259e-01,5.235951294516776322e-01,1.268842348012411046e-14,-5.235273649238447735e-01,1.218905535413082374e-14
3.360000000000000000e+02,1.658637868368484092e-01,5.235951294516776322e-01,1.266266290972526974e-14,-5.235273649238447735e-01,1.284086332667704606e-14
3.370000000000000000e+02,1.658637868368483259e-01,5.235951294516776322e-01,1.264071145512250299e-14,-5.235273649238446625e-01,1.348874066145176028e-14
3.380000000000000000e+02,1.658637868368482704e-01,5.235951294516776322e-01,1.260881080462455085e-14,-5.235273649238446625e-01,1.106133150692640143e-14
3.390000000000000000e+02,1.658637868368483537e-01,5.235951294516776322e-01,1.259386175844832832e-14,-5.235273649238446625e-01,1.187132786053788477e-14
3.400000000000000000e+02,1.658637868368483259e-01,5.235951294516776322e-01,1.253362791328411914e-14,-5.235273649238446625e-01,1.170191798698740036e-14
3.410000000000000000e+02,1.658637868368482704e-01,5.235951294516776322e-01,1.252819256459712330e-14,-5.235273649238446625e-01,1.299237196513658474e-14
3.420000000000000000e+02,1.658637868368482982e-01,5.235951294516776322e-01,1.249403154062775236e-14,-5.235273649238446625e-01,1.314463378671011089e-14
3.430000000000000000e+02,1.658637868368483259e-01,5.235951294516776322e-01,1.248948436772148765e-14,-5.235273649238445515e-01,1.412952756144913147e-14
3.440000000000000000e+02,1.658637868368482704e-01,5.235951294516776322e-01,1.247188181426365741e-14,-5.235273649238445515e-01,1.174763724051647811e-14
3.450000000000000000e+02,1.658637868368482982e-01,5.235951294516776322e-01,1.243541094007939538e-14,-5.235273649238445515e-01,1.217638951087905919e-14
3.460000000000000000e+02,1.658637868368482704e-01,5.235951294516776322e-01,1.241952411359176373e-14,-5.235273649238445515e-01,1.291658213938772576e-14
3.470000000000000000e+02,1.658637868368482704e-01,5.235951294516776322e-01,1.237746711453975890e-14,-5.235273649238445515e-01,1.292480113414730398e-14
3.480000000000000000e+02,1.658637868368483814e-01,5.235951294516776322e-01,1.235432097306815357e-14,-5.235273649238444404e-01,1.364562638032504292e-14
3.490000000000000000e+02,1.658637868368483259e-01,5.235951294516776322e-01,1.233109830721815997e-14,-5.235273649238444404e-01,1.166776523612267680e-14
3.500000000000000000e+02,1.658637868368484369e-01,5.235951294516776322e-01,1.229873729862950923e-14,-5.235273649238444404e-01,1.171241013977814363e-14
3.510000000000000000e+02,1.658637868368483259e-01,5.235951294516776322e-01,1.227940086441251374e-14,-5.235273649238444404e-01,1.249423613171025357e-14
3.520000000000000000e+02,1.658637868368483537e-01,5.235951294516776322e-01,1.225727110074207858e-14,-5.235273649238444404e-01,1.253990322207676894e-14
3.530000000000000000e+02,1.658637868368483259e-01,5.235951294516776322e-01,1.223401720087956695e-14,-5.235273649238444404e-01,1.322257892533507950e-14
3.540000000000000000e+02,1.658637868368482704e-01,5.235951294516776322e-01,1.219290664199118449e-14,-5.235273649238444404e-01,1.318071886917826602e-14
3.550000000000000000e+02,1.658637868368482982e-01,5.235951294516776322e-01,1.217683116978231944e-14,-5.235273649238443294e-01,1.401307648770101473e-14
3.560000000000000000e+02,1.658637868368482704e-01,5.235951294516776322e-01,1.215591581736451244e-14,-5.235273649238443294e-01,1.217655875433381981e-14
3.570000000000000000e+02,1.658637868368482149e-01,5.235951294516776322e-01,1.214457157546974040e-14,-5.235273649238443294e-01,1.277895380797276712e-14
3.580000000000000000e+02,1.658637868368482704e-01,5.235951294516776322e-01,1.210311645074615906e-14,-5.235273649238442184e-01,1.365414398050794193e-14
3.590000000000000000e+02,1.658637868368482982e-01,5.235951294516776322e-01,1.207746763127695659e-14,-5.235273649238442184e-01,1.117282903625874347e-14
3.600000000000000000e+02,1.658637868368482704e-01,5.235951294516776322e-01,1.205313430707810368e-14,-5.235273649238442184e-01,1.171511821583186848e-14
3.610000000000000000e+02,1.658637868368482704e-01,5.235951294516776322e-01,1.203003559945154459e-14,-5.235273649238442184e-01,1.223417672180967939e-14
3.620000000000000000e+02,1.658637868368483259e-01,5.235951294516776322e-01,1.199890169897746102e-14,-5.235273649238442184e-01,1.252392770546037013e-14
3.630000000000000000e+02,1.658637868368482704e-01,5.235951294516776322e-01,1.198536351396209623e-14,-5.235273649238442184e-01,1.311838918843492354e-14
3.640000000000000000e+02,1.658637868368482982e-01,5.235951294516776322e-01,1.195300074093974617e-14,-5.235273649238441074e-01,1.384091260563170072e-14
3.650000000000000000e+02,1.658637868368483814e-01,5.235951294516776322e-01,1.193773944396752612e-14,-5.235273649238441074e-01,1.162910485845789870e-14
3.660000000000000000e+02,1.658637868368482704e-01,5.235951294516776322e-01,1.190884297239134498e-14,-5.235273649238441074e-01,1.214991574556337369e-14
3.670000000000000000e+02,1.658637868368483537e-01,5.235951294516776322e-01,1.188049858109016863e-14,-5.235273649238441074e-01,1.241802785336660191e-14
3.680000000000000000e+02,1.658637868368483814e-01,5.235951294516776322e-01,1.183075650089485504e-14,-5.235273649238441074e-01,1.247482895775240532e-14
3.690000000000000000e+02,1.658637868368483259e-01,5.235951294516776322e-01,1.181555224654323485e-14,-5.235273649238441074e-01,1.289683575858713662e-14
3.700000000000000000e+02,1.658637868368483814e-01,5.235951294516776322e-01,1.179465883366584773e-14,-5.235273649238439964e-01,1.360930812678354884e-14
3.710000000000000000e+02,1.658637868368483259e-01,5.235951294516776322e-01,1.177854348485679104e-14,-5.235273649238439964e-01,1.180409385194349667e-14
3.720000000000000000e+02,1.658637868368483259e-01,5.235951294516776322e-01,1.175610188959069629e-14,-5.235273649238439964e-01,1.242092973622781281e-14
3.730000000000000000e+02,1.658637868368483537e-01,5.235951294516776322e-01,1.172503652841753550e-14,-5.235273649238439964e-01,1.251643357407172280e-14
3.740000000000000000e+02,1.658637868368483259e-01,5.235951294516776322e-01,1.170359146741388544e-14,-5.235273649238439964e-01,1.276610767674344720e-14
3.750000000000000000e+02,1.658637868368482704e-01,5.235951294516776322e-01,1.169693813845200153e-14,-5.235273649238438853e-01,1.386040401888550385e-14
3.760000000000000000e+02,1.658637868368483814e-01,5.235951294516776322e-01,1.166236242148714638e-14,-5.235273649238438853e-01,1.118039998402196000e-14
3.770000000000000000e+02,1.658637868368483259e-01,5.235951294516776322e-01,1.164368388492802906e-14,-5.235273649238438853e-01,1.186722768673946411e-14
3.780000000000000000e+02,1.658637868368483259e-01,5.235951294516776322e-01,1.160169596784835496e-14,-5.235273649238438853e-01,1.212748261289179676e-14
3.790000000000000000e+02,1.658637868368482426e-01,5.235951294516776322e-01,1.160327054036176570e-14,-5.235273649238438853e-01,1.312904763808259414e-14
3.800000000000000000e+02,1.658637868368482704e-01,5.235951294516776322e-01,1.156288926389256370e-14,-5.235273649238437743e-01,1.341280100427373793e-14
3.810000000000000000e+02,1.658637868368482704e-01,5.235951294516776322e-01,1.154534793511680439e-14,-5.235273649238437743e-01,1.128209814780110031e-14
3.820000000000000000e+02,1.658637868368482426e-01,5.235951294516776322e-01,1.150692512660885844e-14,-5.235273649238437743e-01,1.126434269517683801e-14
3.830000000000000000e+02,1.658637868368482704e-01,5.235951294516776322e-01,1.149343624607876802e-14,-5.235273649238437743e-01,1.187281913328057873e-14
3.840000000000000000e+02,1.658637868368482149e-01,5.235951294516776322e-01,1.148316330702339786e-14,-5.235273649238437743e-01,1.286183616037466856e-14
3.850000000000000000e+02,1.658637868368482704e-01,5.235951294516776322e-01,1.144325201468498610e-14,-5.235273649238437743e-01,1.286252980233434712e-14
3.860000000000000000e+02,1.658637868368482149e-01,5.235951294516776322e-01,1.141840689737938658e-14,-5.235273649238437743e-01,1.318273782452550382e-14
3.870000000000000000e+02,1.658637868368482426e-01,5.235951294516776322e-01,1.138499488884525707e-14,-5.235273649238436633e-01,1.366353836736663779e-14
3.880000000000000000e+02,1.658637868368483259e-01,5.235951294516776322e-01,1.136207780805034903e-14,-5.235273649238436633e-01,1.130119571674247215e-14
3.890000000000000000e+02,1.658637868368482704e-01,5.235951294516776322e-01,1.135674337543901076e-14,-5.235273649238436633e-01,1.208412028439913053e-14
3.900000000000000000e+02,1.658637868368482426e-01,5.235951294516776322e-01,1.133467496423785065e-14,-5.235273649238436633e-01,1.278844799990340254e-14
3.910000000000000000e+02,1.658637868368482704e-01,5.235951294516776322e-01,1.131317018741141916e-14,-5.235273649238435523e-01,1.344203833783497727e-14
3.920000000000000000e+02,1.658637868368482149e-01,5.235951294516776322e-01,1.130002120540304475e-14,-5.235273649238435523e-01,1.116148765167240591e-14
3.930000000000000000e+02,1.658637868368482426e-01,5.235951294516776322e-01,1.125291805635489720e-14,-5.235273649238435523e-01,1.110996586957446882e-14
3.940000000000000000e+02,1.658637868368483259e-01,5.235951294516776322e-01,1.122053472054808168e-14,-5.235273649238435523e-01,1.158691421060365491e-14
3.950000000000000000e+02,1.658637868368482149e-01,5.235951294516776322e-01,1.121272392537991047e-14,-5.235273649238435523e-01,1.265430468121638535e-14
3.960000000000000000e+02,1.658637868368482426e-01,5.235951294516776322e-01,1.117790984764047942e-14,-5.235273649238435523e-01,1.264286758545022729e-14
3.970000000000000000e+02,1.658637868368482149e-01,5.235951294516776322e-01,1.115953031802787541e-14,-5.235273649238434412e-01,1.344543058598093467e-14
3.980000000000000000e+02,1.658637868368482426e-01,5.235951294516776322e-01,1.111999735368761839e-14,-5.235273649238434412e-01,1.069730333938192658e-14
3.990000000000000000e+02,1.658637868368482149e-01,5.235951294516776322e-01,1.111041322899269802e-14,-5.235273649238434412e-01,1.142475987646351281e-14
4.000000000000000000e+02,1.658637868368482149e-01,5.235951294516776322e-01,1.108219456466478963e-14,-5.235273649238434412e-01,1.170129673000837774e-14
4.010000000000000000e+02,1.658637868368482149e-01,5.235951294516776322e-01,1.106441249332540351e-14,-5.235273649238434412e-01,1.227417478439765534e-14
4.020000000000000000e+02,1.658637868368481594e-01,5.235951294516776322e-01,1.102394500470218342e-14,-5.235273649238434412e-01,1.257046958048625643e-14
4.030000000000000000e+02,1.658637868368483259e-01,5.235951294516776322e-01,1.100116913146732527e-14,-5.235273649238434412e-01,1.325393625646905548e-14
4.040000000000000000e+02,1.658637868368482149e-01,5.235951294516776322e-01,1.099926887046955955e-14,-5.235273649238433302e-01,1.433428951124223480e-14
4.050000000000000000e+02,1.658637868368483259e-01,5.235951294516776322e-01,1.095623372925394532e-14,-5.235273649238433302e-01,1.152986014068748038e-14
4.060000000000000000e+02,1.658637868368482704e-01,5.235951294516776322e-01,1.092846496289209896e-14,-5.235273649238433302e-01,1.189275041317119141e-14
4.070000000000000000e+02,1.658637868368483259e-01,5.235951294516776322e-01,1.090614920512193667e-14,-5.235273649238433302e-01,1.231728414735995361e-14
4.080000000000000000e+02,1.658637868368483259e-01,5.235951294516776322e-01,1.090178650450770409e-14,-5.235273649238432192e-01,1.335420525282621704e-14
4.090000000000000000e+02,1.658637868368483259e-01,5.235951294516776322e-01,1.087862566774672909e-14,-5.235273649238432192e-01,1.080883942318762524e-14
4.100000000000000000e+02,1.658637868368483259e-01,5.235951294516776322e-01,1.085216508635251769e-14,-5.235273649238432192e-01,1.147213008646332090e-14
4.110000000000000000e+02,1.658637868368483259e-01,5.235951294516776322e-01,1.083093112175933895e-14,-5.235273649238432192e-01,1.175824447158299685e-14
4.120000000000000000e+02,1.658637868368482704e-01,5.235951294516776322e-01,1.080464611017894054e-14,-5.235273649238432192e-01,1.212789211283949256e-14
4.130000000000000000e+02,1.658637868368483259e-01,5.235951294516776322e-01,1.078717072650199549e-14,-5.235273649238432192e-01,1.263905031651022065e-14
4.140000000000000000e+02,1.658637868368482149e-01,5.235951294516776322e-01,1.076218252667998068e-14,-5.235273649238432192e-01,1.312663492828220329e-14
4.150000000000000000e+02,1.658637868368482704e-01,5.235951294516776322e-01,1.074107440389886852e-14,-5.235273649238431082e-01,1.363608387148145454e-14
4.160000000000000000e+02,1.658637868368482149e-01,5.235951294516776322e-01,1.072159010501317785e-14,-5.235273649238431082e-01,1.154474535922285342e-14
4.170000000000000000e+02,1.658637868368482704e-01,5.235951294516776322e-01,1.068079300573467879e-14,-5.235273649238431082e-01,1.150348489836053131e-14
4.180000000000000000e+02,1.658637868368482149e-01,5.235951294516776322e-01,1.065704443863097065e-14,-5.235273649238431082e-01,1.190002199064823154e-14
4.190000000000000000e+02,1.658637868368482704e-01,5.235951294516776322e-01,1.064968928545288725e-14,-5.235273649238431082e-01,1.276103786182797055e-14
4.200000000000000000e+02,1.658637868368482149e-01,5.235951294516776322e-01,1.062480091636371414e-14,-5.235273649238431082e-01,1.314531566421377032e-14
4.210000000000000000e+02,1.658637868368483259e-01,5.235951294516776322e-01,1.059430778336582294e-14,-5.235273649238429972e-01,1.353699807257622174e-14
4.220000000000000000e+02,1.658637868368482704e-01,5.235951294516776322e-01,1.058416607268174062e-14,-5.235273649238429972e-01,1.142251184393505510e-14
4.230000000000000000e+02,1.658637868368483259e-01,5.235951294516776322e-01,1.055596356371536349e-14,-5.235273649238429972e-01,1.187597611847749299e-14
4.240000000000000000e+02,1.658637868368482704e-01,5.235951294516776322e-01,1.051002394220747699e-14,-5.235273649238429972e-01,1.161279384645944948e-14
4.250000000000000000e+02,1.658637868368483259e-01,5.235951294516776322e-01,1.049207174071676276e-14,-5.235273649238429972e-01,1.238129071986923797e-14
4.260000000000000000e+02,1.658637868368482704e-01,5.235951294516776322e-01,1.048027499370541781e-14,-5.235273649238428861e-01,1.343932830469446876e-14
4.270000000000000000e+02,1.658637868368483259e-01,5.235951294516776322e-01,1.046114578683123327e-14,-5.235273649238428861e-01,1.126019487946904175e-14
4.280000000000000000e+02,1.658637868368482704e-01,5.235951294516776322e-01,1.045208816348083942e-14,-5.235273649238428861e-01,1.150375104521903732e-14
4.290000000000000000e+02,1.658637868368482704e-01,5.235951294516776322e-01,1.043062271195092025e-14,-5.235273649238428861e-01,1.215762680724579637e-14
4.300000000000000000e+02,1.658637868368482704e-01,5.235951294516776322e-01,1.041479796149444247e-14,-5.235273649238428861e-01,1.262511055817060992e-14
4.310000000000000000e+02,1.658637868368483259e-01,5.235951294516776322e-01,1.036985741966397969e-14,-5.235273649238428861e-01,1.252716069723935729e-14
4.320000000000000000e+02,1.658637868368482704e-01,5.235951294516776322e-01,1.034702141572214102e-14,-5.235273649238427751e-01,1.335030588139560355e-14
4.330000000000000000e+02,1.658637868368483259e-01,5.235951294516776322e-01,1.031788887752809047e-14,-5.235273649238427751e-01,1.082667173711609586e-14
4.340000000000000000e+02,1.658637868368482704e-01,5.235951294516776322e-01,1.029481128830581501e-14,-5.235273649238427751e-01,1.104772085548814262e-14
4.350000000000000000e+02,1.658637868368483259e-01,5.235951294516776322e-01,1.026311120804203167e-14,-5.235273649238427751e-01,1.109122077866325099e-14
4.360000000000000000e+02,1.658637868368482704e-01,5.235951294516776322e-01,1.026139511929089446e-14,-5.235273649238427751e-01,1.228360538621149715e-14
4.370000000000000000e+02,1.658637868368483259e-01,5.235951294516776322e-01,1.023752694828342869e-14,-5.235273649238427751e-01,1.276824827856570599e-14
4.380000000000000000e+02,1.658637868368482149e-01,5.235951294516776322e-01,1.021191890986676602e-14,-5.235273649238427751e-01,1.295315691213704845e-14
4.390000000000000000e+02,1.658637868368482704e-01,5.235951294516776322e-01,1.019259410011730074e-14,-5.235273649238426641e-01,1.339401241027490585e-14
4.400000000000000000e+02,1.658637868368482149e-01,5.235951294516776322e-01,1.017405660317617106e-14,-5.235273649238426641e-01,1.141708597431764975e-14
4.410000000000000000e+02,1.658637868368482704e-01,5.235951294516776322e-01,1.014323955044376306e-14,-5.235273649238426641e-01,1.173534695385152091e-14
4.420000000000000000e+02,1.658637868368482149e-01,5.235951294516776322e-01,1.010659957403159264e-14,-5.235273649238426641e-01,1.197400655217364442e-14
4.430000000000000000e+02,1.658637868368482704e-01,5.235951294516776322e-01,1.008512160653020693e-14,-5.235273649238426641e-01,1.227715071675415547e-14
4.440000000000000000e+02,1.658637868368482149e-01,5.235951294516776322e-01,1.008872222875018950e-14,-5.235273649238425531e-01,1.357285650724064587e-14
4.450000000000000000e+02,1.658637868368483259e-01,5.235951294516776322e-01,1.006949409991164552e-14,-5.235273649238425531e-01,1.106960084255067731e-14
4.460000000000000000e+02,1.658637868368482149e-01,5.235951294516776322e-01,1.003979198516382849e-14,-5.235273649238425531e-01,1.149512596940030185e-14
4.470000000000000000e+02,1.658637868368482704e-01,5.235951294516776322e-01,1.003014785754913330e-14,-5.235273649238425531e-01,1.219252588045310523e-14
4.480000000000000000e+02,1.658637868368482149e-01,5.235951294516776322e-01,9.988697647081176402e-15,-5.235273649238425531e-01,1.219347086835815756e-14
4.490000000000000000e+02,1.658637868368482704e-01,5.235951294516776322e-01,9.965073840762856233e-15,-5.235273649238425531e-01,1.272900267915849946e-14
4.500000000000000000e+02,1.658637868368482149e-01,5.235951294516776322e-01,9.948390979879139158e-15,-5.235273649238425531e-01,1.322876238646606839e-14
4.510000000000000000e+02,1.658637868368482704e-01,5.235951294516776322e-01,9.921949637616710293e-15,-5.235273649238424420e-01,1.377030042987126624e-14
4.520000000000000000e+02,1.658637868368482704e-01,5.235951294516776322e-01,9.900110759395845864e-15,-5.235273649238424420e-01,1.128823639640020094e-14
4.530000000000000000e+02,1.658637868368483259e-01,5.235951294516776322e-01,9.886979750285968806e-15,-5.235273649238424420e-01,1.220530880399706487e-14
4.540000000000000000e+02,1.658637868368482704e-01,5.235951294516776322e-01,9.858697858532416810e-15,-5.235273649238424420e-01,1.239801136660430034e-14
4.550000000000000000e+02,1.658637868368483259e-01,5.235951294516776322e-01,9.822115163050706981e-15,-5.235273649238424420e-01,1.230166234592727599e-14
4.560000000000000000e+02,1.658637868368482704e-01,5.235951294516776322e-01,9.793128354678432824e-15,-5.235273649238424420e-01,1.285799070648052427e-14
4.570000000000000000e+02,1.658637868368483259e-01,5.235951294516776322e-01,9.783847348623693607e-15,-5.235273649238423310e-01,1.363274720538660279e-14
4.580000000000000000e+02,1.658637868368482149e-01,5.235951294516776322e-01,9.745489519026680348e-15,-5.235273649238423310e-01,1.066555034163764986e-14
4.590000000000000000e+02,1.658637868368482704e-01,5.235951294516776322e-01,9.744207349454404383e-15,-5.235273649238423310e-01,1.163741931675478302e-14
4.600000000000000000e+02,1.658637868368482704e-01,5.235951294516776322e-01,9.719489472297496435e-15,-5.235273649238423310e-01,1.186032471521855406e-14
4.610000000000000000e+02,1.658637868368483259e-01,5.235951294516776322e-01,9.712989698925068291e-15,-5.235273649238423310e-01,1.302565067321047420e-14
4.620000000000000000e+02,1.658637868368482704e-01,5.235951294516776322e-01,9.676482636317805679e-15,-5.235273649238423310e-01,1.289718052112375461e-14
4.630000000000000000e+02,1.658637868368483259e-01,5.235951294516776322e-01,9.658038908775542378e-15,-5.235273649238422200e-01,1.335897877884226795e-14
4.640000000000000000e+02,1.658637868368482704e-01,5.235951294516776322e-01,9.648738610485761740e-15,-5.235273649238422200e-01,1.131164121713489261e-14
4.650000000000000000e+02,1.658637868368483259e-01,5.235951294516776322e-01,9.620683366097274117e-15,-5.235273649238422200e-01,1.175101866878783163e-14
4.660000000000000000e+02,1.658637868368482149e-01,5.235951294516776322e-01,9.591875466883477200e-15,-5.235273649238422200e-01,1.191690940653092650e-14
4.670000000000000000e+02,1.658637868368482704e-01,5.235951294516776322e-01,9.572183825816178539e-15,-5.235273649238422200e-01,1.288734017171970420e-14
4.680000000000000000e+02,1.658637868368482149e-01,5.235951294516776322e-01,9.528219912973899963e-15,-5.235273649238422200e-01,1.276783686646086566e-14
4.690000000000000000e+02,1.658637868368483259e-01,5.235951294516776322e-01,9.508739610943078518e-15,-5.235273649238422200e-01,1.302146173886291347e-14
4.700000000000000000e+02,1.658637868368482149e-01,5.235951294516776322e-01,9.489295550438519696e-15,-5.235273649238421090e-01,1.389072206780673067e-14
4.710000000000000000e+02,1.658637868368482704e-01,5.235951294516776322e-01,9.478662203180228525e-15,-5.235273649238421090e-01,1.183086525510677209e-14
4.720000000000000000e+02,1.658637868368482149e-01,5.235951294516776322e-01,9.461172913827463316e-15,-5.235273649238421090e-01,1.214789829694753463e-14
4.730000000000000000e+02,1.658637868368482704e-01,5.235951294516776322e-01,9.423620740350497746e-15,-5.235273649238421090e-01,1.225557846748059652e-14
4.740000000000000000e+02,1.658637868368482149e-01,5.235951294516776322e-01,9.396576182842416547e-15,-5.235273649238421090e-01,1.258987783381443887e-14
4.750000000000000000e+02,1.658637868368482704e-01,5.235951294516776322e-01,9.380546322625495958e-15,-5.235273649238421090e-01,1.306208771648843738e-14
4.760000000000000000e+02,1.658637868368482149e-01,5.235951294516776322e-01,9.366483577273640749e-15,-5.235273649238419980e-01,1.355139924638358256e-14
4.770000000000000000e+02,1.658637868368482704e-01,5.235951294516776322e-01,9.349831333047094831e-15,-5.235273649238419980e-01,1.146957953433797825e-14
4.780000000000000000e+02,1.658637868368482704e-01,5.235951294516776322e-01,9.321726413760121251e-15,-5.235273649238419980e-01,1.147677182113331957e-14
4.790000000000000000e+02,1.658637868368482704e-01,5.235951294516776322e-01,9.300727373022598308e-15,-5.235273649238419980e-01,1.226248985143394030e-14
4.800000000000000000e+02,1.658637868368482149e-01,5.235951294516776322e-01,9.304520871812411693e-15,-5.235273649238418869e-01,1.337896921745576412e-14
